{
  "_type": "workspace",
  "name": "SQL-Python Portfolio API",
  "description": "Insomnia collection for SQL-Python Portfolio API with Auth, Users, Posts, Likes",
  "resources": [
    {
      "_type": "request_group",
      "_id": "grp_auth",
      "name": "Auth",
      "parentId": null
    },
    {
      "_type": "request",
      "_id": "req_register",
      "name": "Register",
      "parentId": "grp_auth",
      "method": "POST",
      "url": "http://127.0.0.1:5000/api/auth/register",
      "body": {
        "mimeType": "application/json",
        "text": "{\n  \"username\": \"testuser\",\n  \"email\": \"test@example.com\",\n  \"password\": \"password123\"\n}"
      }
    },
    {
      "_type": "request",
      "_id": "req_login",
      "name": "Login",
      "parentId": "grp_auth",
      "method": "POST",
      "url": "http://127.0.0.1:5000/api/auth/login",
      "body": {
        "mimeType": "application/json",
        "text": "{\n  \"username\": \"testuser\",\n  \"password\": \"password123\"\n}"
      }
    },
    {
      "_type": "request",
      "_id": "req_logout",
      "name": "Logout",
      "parentId": "grp_auth",
      "method": "POST",
      "url": "http://127.0.0.1:5000/api/auth/logout"
    },
    {
      "_type": "request",
      "_id": "req_me",
      "name": "Me",
      "parentId": "grp_auth",
      "method": "GET",
      "url": "http://127.0.0.1:5000/api/auth/me"
    },
    {
      "_type": "request_group",
      "_id": "grp_users",
      "name": "Users",
      "parentId": null
    },
    {
      "_type": "request",
      "_id": "req_list_users",
      "name": "List Users",
      "parentId": "grp_users",
      "method": "GET",
      "url": "http://127.0.0.1:5000/api/users"
    },
    {
      "_type": "request",
      "_id": "req_get_user",
      "name": "Get User",
      "parentId": "grp_users",
      "method": "GET",
      "url": "http://127.0.0.1:5000/api/users/1"
    },
    {
      "_type": "request",
      "_id": "req_update_user",
      "name": "Update User",
      "parentId": "grp_users",
      "method": "PUT",
      "url": "http://127.0.0.1:5000/api/users/1",
      "body": {
        "mimeType": "application/json",
        "text": "{\n  \"username\": \"updateduser\",\n  \"email\": \"updated@example.com\",\n  \"password\": \"newpassword123\"\n}"
      }
    },
    {
      "_type": "request",
      "_id": "req_delete_user",
      "name": "Delete User",
      "parentId": "grp_users",
      "method": "DELETE",
      "url": "http://127.0.0.1:5000/api/users/1"
    },
    {
      "_type": "request_group",
      "_id": "grp_posts",
      "name": "Posts",
      "parentId": null
    },
    {
      "_type": "request",
      "_id": "req_list_posts",
      "name": "List Posts",
      "parentId": "grp_posts",
      "method": "GET",
      "url": "http://127.0.0.1:5000/api/posts"
    },
    {
      "_type": "request",
      "_id": "req_get_post",
      "name": "Get Post",
      "parentId": "grp_posts",
      "method": "GET",
      "url": "http://127.0.0.1:5000/api/posts/1"
    },
    {
      "_type": "request",
      "_id": "req_create_post",
      "name": "Create Post",
      "parentId": "grp_posts",
      "method": "POST",
      "url": "http://127.0.0.1:5000/api/posts",
      "body": {
        "mimeType": "application/json",
        "text": "{\n  \"title\": \"My Post\",\n  \"content\": \"This is a post content\"\n}"
      }
    },
    {
      "_type": "request",
      "_id": "req_update_post",
      "name": "Update Post",
      "parentId": "grp_posts",
      "method": "PUT",
      "url": "http://127.0.0.1:5000/api/posts/1",
      "body": {
        "mimeType": "application/json",
        "text": "{\n  \"title\": \"Updated Title\",\n  \"content\": \"Updated content\"\n}"
      }
    },
    {
      "_type": "request",
      "_id": "req_delete_post",
      "name": "Delete Post",
      "parentId": "grp_posts",
      "method": "DELETE",
      "url": "http://127.0.0.1:5000/api/posts/1"
    },
    {
      "_type": "request_group",
      "_id": "grp_likes",
      "name": "Likes",
      "parentId": null
    },
    {
      "_type": "request",
      "_id": "req_like_post",
      "name": "Like Post",
      "parentId": "grp_likes",
      "method": "POST",
      "url": "http://127.0.0.1:5000/api/posts/1/like"
    },
    {
      "_type": "request",
      "_id": "req_unlike_post",
      "name": "Unlike Post",
      "parentId": "grp_likes",
      "method": "POST",
      "url": "http://127.0.0.1:5000/api/posts/1/unlike"
    },
    {
      "_type": "request",
      "_id": "req_list_likes",
      "name": "List Likes for Post",
      "parentId": "grp_likes",
      "method": "GET",
      "url": "http://127.0.0.1:5000/api/posts/1/likes"
    }
  ]
}
