{"_type": "export", "__export_format": 4, "__export_date": "2025-08-23T00:00:00.000Z", "__export_source": "sql-python-portfolio", "resources": [{"_id": "wrk_sql_python_portfolio", "_type": "workspace", "name": "SQL-Python Portfolio API", "scope": "collection"}, {"_id": "env_sql_python_portfolio", "_type": "environment", "parentId": "wrk_sql_python_portfolio", "name": "Base Environment", "data": {"baseUrl": "http://127.0.0.1:5000"}}, {"_id": "fld_auth", "_type": "request_group", "parentId": "wrk_sql_python_portfolio", "name": "Auth"}, {"_id": "req_register", "_type": "request", "parentId": "fld_auth", "name": "Register", "method": "POST", "url": "{{ _.baseUrl }}/api/auth/register", "body": {"mimeType": "application/json", "text": "{\\n  \\\"username\\\": \\\"usman\\\",\\n  \\\"email\\\": \\\"usman@example.com\\\",\\n  \\\"password\\\": \\\"password123\\\"\\n}"}, "headers": [{"name": "Content-Type", "value": "application/json"}]}, {"_id": "req_login", "_type": "request", "parentId": "fld_auth", "name": "Login", "method": "POST", "url": "{{ _.baseUrl }}/api/auth/login", "body": {"mimeType": "application/json", "text": "{\\n  \\\"username\\\": \\\"usman\\\",\\n  \\\"password\\\": \\\"password123\\\"\\n}"}, "headers": [{"name": "Content-Type", "value": "application/json"}]}, {"_id": "req_me", "_type": "request", "parentId": "fld_auth", "name": "Me", "method": "GET", "url": "{{ _.baseUrl }}/api/auth/me"}, {"_id": "req_logout", "_type": "request", "parentId": "fld_auth", "name": "Logout", "method": "POST", "url": "{{ _.baseUrl }}/api/auth/logout"}, {"_id": "fld_users", "_type": "request_group", "parentId": "wrk_sql_python_portfolio", "name": "Users"}, {"_id": "req_users_list", "_type": "request", "parentId": "fld_users", "name": "List Users", "method": "GET", "url": "{{ _.baseUrl }}/api/users"}, {"_id": "req_posts_create", "_type": "request", "parentId": "wrk_sql_python_portfolio", "name": "Create Post", "method": "POST", "url": "{{ _.baseUrl }}/api/posts", "body": {"mimeType": "application/json", "text": "{\\n  \\\"title\\\": \\\"Hello\\\",\\n  \\\"content\\\": \\\"First post\\\"\\n}"}, "headers": [{"name": "Content-Type", "value": "application/json"}]}, {"_id": "req_like", "_type": "request", "parentId": "wrk_sql_python_portfolio", "name": "Like Post", "method": "POST", "url": "{{ _.baseUrl }}/api/posts/1/like"}, {"_id": "req_unlike", "_type": "request", "parentId": "wrk_sql_python_portfolio", "name": "Unlike Post", "method": "POST", "url": "{{ _.baseUrl }}/api/posts/1/unlike"}]}