{
  "_type": "export",
  "__export_format": 4,
  "__export_date": "2025-08-23T16:37:51Z",
  "__export_source": "chatgpt:flask_sql_api_portfolio_db",
  "resources": [
    {
      "_id": "wrk_portfolio_db",
      "_type": "workspace",
      "name": "Flask SQL API (portfolio_db)",
      "scope": "collection"
    },
    {
      "_id": "env_base",
      "_type": "environment",
      "parentId": "wrk_portfolio_db",
      "name": "Base Env",
      "data": {
        "base_url": "http://127.0.0.1:5000"
      }
    },
    {
      "_id": "fld_auth",
      "_type": "request_group",
      "parentId": "wrk_portfolio_db",
      "name": "Auth"
    },
    {
      "_id": "fld_posts",
      "_type": "request_group",
      "parentId": "wrk_portfolio_db",
      "name": "Posts"
    },
    {
      "_id": "req_register",
      "_type": "request",
      "parentId": "fld_auth",
      "name": "Register",
      "method": "POST",
      "url": "{{ base_url }}/auth/register",
      "body": {
        "mimeType": "application/json",
        "text": "{\"username\": \"usman\", \"password\": \"mypassword123\"}"
      },
      "headers": [
        {
          "name": "Content-Type",
          "value": "application/json"
        }
      ]
    },
    {
      "_id": "req_login",
      "_type": "request",
      "parentId": "fld_auth",
      "name": "Login",
      "method": "POST",
      "url": "{{ base_url }}/auth/login",
      "body": {
        "mimeType": "application/json",
        "text": "{\"username\": \"usman\", \"password\": \"mypassword123\"}"
      },
      "headers": [
        {
          "name": "Content-Type",
          "value": "application/json"
        }
      ]
    },
    {
      "_id": "req_logout",
      "_type": "request",
      "parentId": "fld_auth",
      "name": "Logout",
      "method": "POST",
      "url": "{{ base_url }}/auth/logout",
      "headers": [
        {
          "name": "Content-Type",
          "value": "application/json"
        }
      ]
    },
    {
      "_id": "req_create_post",
      "_type": "request",
      "parentId": "fld_posts",
      "name": "Create Post (requires login)",
      "method": "POST",
      "url": "{{ base_url }}/posts/",
      "body": {
        "mimeType": "application/json",
        "text": "{\"title\": \"My First Post\", \"content\": \"Hello Flask + PostgreSQL!\"}"
      },
      "headers": [
        {
          "name": "Content-Type",
          "value": "application/json"
        }
      ]
    },
    {
      "_id": "req_list_posts",
      "_type": "request",
      "parentId": "fld_posts",
      "name": "List Posts",
      "method": "GET",
      "url": "{{ base_url }}/posts/",
      "headers": [
        {
          "name": "Content-Type",
          "value": "application/json"
        }
      ]
    }
  ]
}